name,lastName,age
Timothy,Ross,67
Ashley,Wise,24
Sydney,Gutierrez,82
Crystal,Weber,84
Amanda,Rodriguez,15
Isabel,Perkins,11
Gregory,Owens,28
Teresa,Barton,43
Richard,Morgan,56
Amber,Lyons,51
Phillip,Stephens,43
Kimberly,Barber,48
Monica,Rodgers,76
Daniel,Rubio,42
Scott,Gallegos,22
Daniel,Baker,52
Miranda,Johnson,73
Stephanie,Salazar,32
Barbara,Velez,42
Christopher,Peters,34
Thomas,Baker,7
Richard,Morrison,76
Rebecca,Mason,5
Edward,Evans,86
Michelle,Mccullough,89
Lindsey,Diaz,44
Leslie,Freeman,5
James,Baker,64
Sara,Choi,70
Michelle,Harris,47
Ashley,Clark,68
Brittany,Chase,5
Catherine,Warren,5
Carla,Johnson,51
Steven,Williams,55
Matthew,Oconnor,42
Matthew,Acosta,35
David,Marquez,7
Jessica,Martinez,57
Wyatt,Weaver,69
Frederick,Hamilton,53
Connor,Chung,23
James,Villegas,95
Gary,Watson,51
John,Chan,34
Laura,Sawyer,62
Bob,Moore,44
Sarah,Sullivan,26
Melissa,Erickson,80
Bradley,Walls,25
Emily,Harrell,34
Jason,Parsons,32
Kelsey,Miller,41
Anita,Ford,39
Christopher,Brown,26
Rebecca,Green,51
Amber,Snow,2
Michelle,Watson,91
Katie,Newman,65
Amber,Long,19
Colleen,Jennings,21
Joe,Garrett,50
Brittany,Ritter,79
Hannah,Jones,49
Natalie,Rodriguez,88
Shannon,Shepherd,28
Timothy,Sanchez,57
William,Hardy,71
Caitlin,Wiggins,37
Amanda,Ross,10
Joe,Bennett,8
Justin,Vasquez,76
Joshua,Gonzalez,30
Daniel,Jones,24
Eddie,Conrad,13
Brenda,Duarte,48
Norman,Allen,41
Leslie,Hobbs,85
Crystal,White,63
Dawn,Johnson,25
Blake,Bishop,47
Kimberly,Hickman,77
Elizabeth,Salinas,4
John,Wheeler,70
Mark,Strong,56
Austin,Lewis,46
Meghan,Holmes,52
Michael,Woods,72
David,Navarro,36
Jennifer,Mccarthy,13
Pamela,Alvarez,43
Kyle,Martinez,15
Juan,Duncan,83
Makayla,Ruiz,43
Larry,Ryan,19
Michael,Benson,85
Bryan,Reynolds,18
Robert,Brown,84
Joshua,Alvarado,33
Joel,Matthews,46
